SET SQL_MODE = "NO_AUTO_VALUE_ON_ZERO";
SET time_zone = "+00:00";

/*!40101 SET @OLD_CHARACTER_SET_CLIENT=@@CHARACTER_SET_CLIENT */;
/*!40101 SET @OLD_CHARACTER_SET_RESULTS=@@CHARACTER_SET_RESULTS */;
/*!40101 SET @OLD_COLLATION_CONNECTION=@@COLLATION_CONNECTION */;
/*!40101 SET NAMES utf8 */;

INSERT INTO `users` (`username`, `password`, `first_name`, `last_name`, `email`, `level`, `reputation`) VALUES
('user11', '$2y$11$d4ff8db96e3b4f8884d30u8SlSCFr89xwcFb27REfAW381lNl8/we', 'Regular', 'User', 'wdewfefefe', 1, 0),
('user12', '$2y$11$d4ff8db96e3b4f8884d30u8SlSCFr89xwcFb27REfAW381lNl8/we', 'Regular', 'User', 'wdewfefefe', 1, 0),
('user13', '$2y$11$d4ff8db96e3b4f8884d30u8SlSCFr89xwcFb27REfAW381lNl8/we', 'Regular', 'User', 'wdewfefefe', 1, 0),
('user14', '$2y$11$d4ff8db96e3b4f8884d30u8SlSCFr89xwcFb27REfAW381lNl8/we', 'Regular', 'User', 'wdewfefefe', 1, 0),
('user15', '$2y$11$d4ff8db96e3b4f8884d30u8SlSCFr89xwcFb27REfAW381lNl8/we', 'Regular', 'User', 'wdewfefefe', 1, 0),
('user16', '$2y$11$d4ff8db96e3b4f8884d30u8SlSCFr89xwcFb27REfAW381lNl8/we', 'Regular', 'User', 'wdewfefefe', 1, 0),
('user17', '$2y$11$d4ff8db96e3b4f8884d30u8SlSCFr89xwcFb27REfAW381lNl8/we', 'Regular', 'User', 'wdewfefefe', 1, 0),
('user18', '$2y$11$d4ff8db96e3b4f8884d30u8SlSCFr89xwcFb27REfAW381lNl8/we', 'Regular', 'User', 'wdewfefefe', 1, 0),
('user19', '$2y$11$d4ff8db96e3b4f8884d30u8SlSCFr89xwcFb27REfAW381lNl8/we', 'Regular', 'User', 'wdewfefefe', 1, 0),
('user22', '$2y$11$d4ff8db96e3b4f8884d30u8SlSCFr89xwcFb27REfAW381lNl8/we', 'Support', 'Staff', 'wdewfefefe', 2, 0),
('user33', '$2y$11$d4ff8db96e3b4f8884d30u8SlSCFr89xwcFb27REfAW381lNl8/we', 'Room', 'Administrator', 'wdewfefefe', 3, 0),
('user44', '$2y$11$d4ff8db96e3b4f8884d30u8SlSCFr89xwcFb27REfAW381lNl8/we', 'Super', 'Administrator', 'wdewfefefe', 4, 0);

INSERT INTO `departments` (`dept_name`, `faculty_name`) VALUES
('Department_1_1', 'Faculty_1'),
('Department_1_2', 'Faculty_1'),
('Department_1_3', 'Faculty_1'),
('Department_1_4', 'Faculty_1'),
('Department_1_5', 'Faculty_1'),
('Department_2_1', 'Faculty_2'),
('Department_2_2', 'Faculty_2'),
('Department_2_3', 'Faculty_2'),
('Department_2_4', 'Faculty_2'),
('Department_2_5', 'Faculty_2'),
('Department_3_1', 'Faculty_3'),
('Department_3_2', 'Faculty_3'),
('Department_3_3', 'Faculty_3'),
('Department_3_4', 'Faculty_3'),
('Department_3_5', 'Faculty_3'),
('Department_4_1', 'Faculty_4'),
('Department_4_2', 'Faculty_4'),
('Department_4_3', 'Faculty_4'),
('Department_4_4', 'Faculty_4'),
('Department_4_5', 'Faculty_4'),
('Department_5_1', 'Faculty_5'),
('Department_5_2', 'Faculty_5'),
('Department_5_3', 'Faculty_5'),
('Department_5_4', 'Faculty_5'),
('Department_5_5', 'Faculty_5');

INSERT INTO `faculties` (`faculty_name`) VALUES
('Faculty_1'),
('Faculty_2'),
('Faculty_3'),
('Faculty_4'),
('Faculty_5');

INSERT INTO `halls` (`hall_id`, `hall_name`, `dept_name`, `capacity`, `aircondition`, `com_lab`) VALUES
(100100, 'sodales scelerisque mauris', 'Department_5_2', 715, 1, 1),
(100101, 'sapien placerat', 'Department_5_5', 430, 0, 0),
(100102, 'placerat ante nulla', 'Department_3_5', 299, 0, 1),
(100103, 'arcu adipiscing', 'Department_3_5', 498, 0, 0),
(100104, 'habitasse platea', 'Department_5_4', 134, 0, 0),
(100105, 'id nulla', 'Department_4_4', 726, 1, 1),
(100106, 'magna ac consequat', 'Department_5_5', 791, 0, 1),
(100107, 'sed magna', 'Department_4_3', 668, 0, 0),
(100108, 'lacus at turpis', 'Department_1_5', 129, 0, 1),
(100109, 'faucibus accumsan', 'Department_5_5', 598, 1, 0),
(100110, 'dictumst morbi vestibulum velit', 'Department_5_3', 161, 0, 0),
(100111, 'massa id lobortis', 'Department_5_3', 192, 1, 1),
(100112, 'curabitur convallis duis consequat', 'Department_5_4', 435, 1, 1),
(100113, 'elit ac', 'Department_5_5', 586, 0, 0),
(100114, 'vitae consectetuer', 'Department_5_5', 493, 1, 0),
(100115, 'sapien ut nunc vestibulum', 'Department_3_5', 370, 1, 1),
(100116, 'parturient montes nascetur ridiculus', 'Department_3_5', 642, 0, 0),
(100117, 'ut erat', 'Department_5_5', 297, 1, 1),
(100118, 'fermentum donec ut mauris', 'Department_4_1', 467, 1, 1),
(100119, 'aliquam non', 'Department_3_4', 733, 0, 1),
(100120, 'nunc viverra', 'Department_5_4', 461, 0, 0),
(100121, 'interdum mauris non', 'Department_3_5', 238, 1, 1),
(100122, 'lorem ipsum dolor', 'Department_5_5', 485, 1, 1),
(100123, 'amet sem fusce consequat', 'Department_5_4', 506, 1, 0),
(100124, 'natoque penatibus et', 'Department_5_5', 273, 1, 0),
(100125, 'tempor convallis', 'Department_1_3', 628, 1, 1),
(100126, 'ante nulla justo aliquam', 'Department_5_4', 405, 0, 0),
(100127, 'vel sem sed sagittis', 'Department_3_4', 82, 1, 0),
(100128, 'semper est quam', 'Department_4_4', 107, 0, 1),
(100129, 'ac neque', 'Department_2_5', 402, 1, 0),
(100130, 'massa id lobortis convallis', 'Department_4_3', 526, 1, 0),
(100131, 'gravida nisi at', 'Department_4_5', 768, 0, 1),
(100132, 'pede ac diam', 'Department_4_3', 337, 0, 0),
(100133, 'orci luctus et ultrices', 'Department_4_5', 220, 0, 1),
(100134, 'nibh in hac habitasse', 'Department_4_5', 184, 0, 0),
(100135, 'posuere nonummy integer non', 'Department_4_4', 545, 1, 1),
(100136, 'euismod scelerisque quam', 'Department_4_5', 605, 1, 1),
(100137, 'ante ipsum primis in', 'Department_5_3', 597, 1, 1),
(100138, 'suspendisse accumsan', 'Department_1_4', 629, 0, 0),
(100139, 'tellus in sagittis', 'Department_2_1', 426, 0, 0),
(100140, 'duis bibendum felis', 'Department_5_5', 372, 0, 0),
(100141, 'etiam faucibus cursus', 'Department_4_3', 277, 1, 1),
(100142, 'purus phasellus in', 'Department_5_4', 340, 0, 1),
(100143, 'fusce consequat nulla nisl', 'Department_4_4', 145, 1, 0),
(100144, 'et ultrices', 'Department_5_5', 287, 0, 0),
(100145, 'quam pharetra magna ac', 'Department_5_4', 483, 0, 1),
(100146, 'luctus rutrum nulla tellus', 'Department_4_5', 130, 0, 1),
(100147, 'ultrices erat', 'Department_5_5', 615, 0, 0),
(100148, 'magnis dis parturient', 'Department_5_3', 611, 0, 1),
(100149, 'lacus morbi quis tortor', 'Department_5_4', 782, 0, 0),
(100150, 'nam tristique tortor eu', 'Department_4_2', 393, 1, 1),
(100151, 'velit donec diam', 'Department_4_5', 535, 0, 0),
(100152, 'ligula sit amet eleifend', 'Department_5_4', 521, 1, 1),
(100153, 'augue quam sollicitudin vitae', 'Department_4_2', 679, 1, 0),
(100154, 'congue etiam justo', 'Department_3_4', 313, 1, 1),
(100155, 'ultrices posuere cubilia', 'Department_5_5', 563, 1, 0),
(100156, 'iaculis diam erat', 'Department_5_5', 224, 1, 0),
(100157, 'bibendum felis sed interdum', 'Department_5_2', 389, 1, 0),
(100158, 'mollis molestie', 'Department_1_5', 183, 0, 0),
(100159, 'faucibus orci luctus', 'Department_3_5', 230, 0, 1),
(100160, 'elementum in', 'Department_5_4', 124, 1, 0),
(100161, 'nisl duis', 'Department_4_5', 445, 1, 1),
(100162, 'consectetuer adipiscing elit', 'Department_3_5', 555, 0, 0),
(100163, 'nam tristique tortor', 'Department_1_4', 275, 0, 1),
(100164, 'tempor turpis nec euismod', 'Department_5_4', 671, 0, 1),
(100165, 'blandit mi in', 'Department_5_5', 75, 0, 0),
(100166, 'metus arcu adipiscing', 'Department_3_5', 774, 0, 1),
(100167, 'quis odio consequat', 'Department_4_1', 365, 0, 0),
(100168, 'non interdum in ante', 'Department_3_5', 618, 0, 1),
(100169, 'maecenas rhoncus aliquam lacus', 'Department_1_3', 326, 0, 0),
(100170, 'augue vel accumsan tellus', 'Department_1_1', 246, 1, 0),
(100171, 'quis turpis sed', 'Department_5_5', 677, 1, 0),
(100172, 'scelerisque mauris sit amet', 'Department_5_4', 197, 0, 0),
(100173, 'nisl duis', 'Department_5_5', 535, 0, 1),
(100174, 'integer non velit donec', 'Department_5_3', 505, 0, 1),
(100175, 'cras pellentesque volutpat dui', 'Department_5_5', 341, 1, 0),
(100176, 'accumsan felis ut', 'Department_5_5', 770, 0, 0),
(100177, 'nunc donec quis orci', 'Department_3_5', 262, 0, 1),
(100178, 'ante vel ipsum', 'Department_5_5', 754, 0, 0),
(100179, 'cubilia curae nulla dapibus', 'Department_4_5', 187, 1, 1),
(100180, 'accumsan felis', 'Department_5_2', 657, 0, 0),
(100181, 'ipsum primis in', 'Department_5_5', 494, 0, 1),
(100182, 'tellus semper interdum', 'Department_5_5', 520, 0, 1),
(100183, 'quisque id justo', 'Department_5_5', 797, 1, 1),
(100184, 'turpis adipiscing lorem', 'Department_3_4', 746, 1, 0),
(100185, 'sapien dignissim vestibulum vestibulum', 'Department_5_2', 410, 1, 1),
(100186, 'aliquam quis turpis', 'Department_5_5', 412, 1, 0),
(100187, 'sed nisl', 'Department_5_5', 350, 1, 0),
(100188, 'vel augue', 'Department_1_3', 404, 1, 1),
(100189, 'at ipsum ac', 'Department_5_3', 515, 1, 0),
(100190, 'aenean sit', 'Department_4_5', 684, 0, 0),
(100191, 'sapien iaculis congue', 'Department_5_4', 338, 0, 0),
(100192, 'augue vel accumsan', 'Department_1_3', 450, 1, 0),
(100193, 'rhoncus sed', 'Department_1_5', 632, 1, 0),
(100194, 'augue quam sollicitudin', 'Department_4_5', 471, 0, 0),
(100195, 'luctus cum sociis natoque', 'Department_3_5', 103, 0, 0),
(100196, 'in faucibus orci', 'Department_5_3', 203, 1, 0),
(100197, 'venenatis tristique fusce congue', 'Department_5_5', 313, 1, 1),
(100198, 'donec semper', 'Department_5_5', 710, 1, 0),
(100199, 'eu est congue elementum', 'Department_4_4', 690, 1, 0),
(100200, 'proin interdum mauris non', 'Department_4_5', 162, 0, 1),
(100201, 'sit amet justo', 'Department_4_5', 722, 0, 0),
(100202, 'arcu libero rutrum ac', 'Department_3_4', 373, 1, 0),
(100203, 'purus sit', 'Department_4_3', 592, 0, 0),
(100204, 'integer non', 'Department_5_4', 262, 1, 0),
(100205, 'maecenas rhoncus aliquam', 'Department_4_5', 475, 1, 1),
(100206, 'eget tincidunt eget tempus', 'Department_5_5', 108, 0, 1),
(100207, 'ut nunc', 'Department_5_5', 346, 0, 0),
(100208, 'sapien placerat ante nulla', 'Department_3_5', 710, 0, 1),
(100209, 'condimentum id luctus', 'Department_1_5', 464, 0, 1),
(100210, 'nisl duis ac', 'Department_5_5', 759, 0, 0),
(100211, 'nulla sed accumsan', 'Department_5_3', 751, 0, 1),
(100212, 'id turpis integer aliquet', 'Department_5_5', 552, 0, 1),
(100213, 'pellentesque ultrices phasellus', 'Department_4_3', 446, 1, 1),
(100214, 'rutrum rutrum', 'Department_4_4', 772, 1, 1),
(100215, 'sed vestibulum', 'Department_1_3', 767, 0, 1),
(100216, 'at turpis donec posuere', 'Department_5_5', 247, 1, 0),
(100217, 'volutpat in', 'Department_4_4', 468, 1, 0),
(100218, 'ligula sit', 'Department_4_5', 329, 1, 0),
(100219, 'id nisl', 'Department_4_5', 788, 0, 1),
(100220, 'diam id ornare imperdiet', 'Department_3_5', 100, 1, 1),
(100221, 'amet eleifend pede', 'Department_4_4', 224, 1, 1),
(100222, 'nam ultrices', 'Department_4_5', 468, 0, 0),
(100223, 'tempus sit', 'Department_2_5', 185, 1, 0),
(100224, 'mauris non', 'Department_5_5', 511, 0, 1),
(100225, 'orci pede venenatis non', 'Department_4_1', 193, 0, 1),
(100226, 'dictumst etiam faucibus cursus', 'Department_4_3', 435, 0, 1),
(100227, 'libero nam dui proin', 'Department_5_5', 678, 0, 0),
(100228, 'integer non velit', 'Department_5_4', 130, 0, 0),
(100229, 'vestibulum ante ipsum primis', 'Department_5_5', 96, 1, 1),
(100230, 'lectus aliquam sit', 'Department_4_3', 401, 0, 1),
(100231, 'potenti cras', 'Department_4_5', 528, 0, 1),
(100232, 'duis faucibus accumsan', 'Department_5_5', 516, 0, 1),
(100233, 'id nisl venenatis lacinia', 'Department_2_2', 334, 1, 1),
(100234, 'donec ut', 'Department_1_5', 629, 0, 0),
(100235, 'nisl nunc rhoncus', 'Department_3_2', 641, 1, 1),
(100236, 'odio in hac habitasse', 'Department_4_5', 731, 0, 0),
(100237, 'ultrices enim lorem ipsum', 'Department_5_4', 618, 1, 0),
(100238, 'nulla nunc purus', 'Department_5_4', 223, 1, 0),
(100239, 'vel nulla eget', 'Department_5_2', 461, 1, 0),
(100240, 'quis justo maecenas rhoncus', 'Department_5_4', 731, 0, 0),
(100241, 'suspendisse ornare', 'Department_5_4', 201, 0, 1),
(100242, 'faucibus cursus urna', 'Department_5_5', 511, 1, 1),
(100243, 'ut nunc', 'Department_5_3', 350, 1, 1),
(100244, 'ac tellus', 'Department_3_3', 101, 1, 1),
(100245, 'curabitur gravida', 'Department_5_5', 63, 1, 1),
(100246, 'eget tempus', 'Department_5_1', 484, 0, 1),
(100247, 'odio in hac habitasse', 'Department_5_5', 379, 0, 0),
(100248, 'ultrices libero non', 'Department_2_4', 614, 0, 1),
(100249, 'sem duis', 'Department_5_4', 55, 0, 1),
(100250, 'id nulla ultrices aliquet', 'Department_5_5', 712, 1, 1),
(100251, 'platea dictumst', 'Department_5_5', 55, 0, 1),
(100252, 'amet sapien', 'Department_5_2', 114, 0, 1),
(100253, 'facilisi cras', 'Department_1_5', 152, 1, 0),
(100254, 'sed vel enim sit', 'Department_1_4', 732, 0, 0),
(100255, 'ipsum dolor', 'Department_5_5', 673, 0, 0),
(100256, 'vestibulum velit', 'Department_5_3', 159, 0, 0),
(100257, 'posuere nonummy integer', 'Department_5_1', 573, 1, 1),
(100258, 'consequat varius integer', 'Department_4_5', 410, 0, 1),
(100259, 'in felis donec semper', 'Department_2_3', 676, 0, 0),
(100260, 'semper interdum', 'Department_3_1', 774, 1, 0),
(100261, 'fusce congue diam id', 'Department_5_3', 489, 1, 1),
(100262, 'turpis eget elit', 'Department_5_5', 481, 0, 0),
(100263, 'ipsum primis', 'Department_5_4', 580, 0, 0),
(100264, 'massa tempor', 'Department_1_5', 426, 1, 1),
(100265, 'quisque arcu libero', 'Department_3_1', 373, 0, 1),
(100266, 'fusce lacus purus aliquet', 'Department_3_4', 760, 0, 1),
(100267, 'blandit nam nulla', 'Department_5_5', 653, 1, 0),
(100268, 'in leo maecenas', 'Department_5_4', 703, 1, 1),
(100269, 'massa quis augue', 'Department_5_1', 576, 0, 1),
(100270, 'et magnis dis parturient', 'Department_5_5', 714, 0, 1),
(100271, 'elit proin', 'Department_5_3', 688, 0, 1),
(100272, 'in felis eu sapien', 'Department_2_5', 333, 0, 0),
(100273, 'ac tellus', 'Department_3_2', 295, 0, 1),
(100274, 'at feugiat non', 'Department_4_5', 313, 1, 0),
(100275, 'consectetuer eget rutrum at', 'Department_5_5', 452, 0, 0),
(100276, 'imperdiet et commodo vulputate', 'Department_4_5', 96, 0, 0),
(100277, 'platea dictumst etiam', 'Department_4_3', 271, 1, 0),
(100278, 'mauris enim leo rhoncus', 'Department_5_5', 578, 0, 0),
(100279, 'metus sapien', 'Department_4_5', 701, 0, 0),
(100280, 'ante vestibulum ante ipsum', 'Department_4_5', 418, 0, 1),
(100281, 'proin interdum mauris', 'Department_1_3', 389, 0, 0),
(100282, 'consectetuer adipiscing', 'Department_5_5', 528, 1, 1),
(100283, 'velit nec nisi', 'Department_2_4', 390, 0, 1),
(100284, 'in imperdiet et', 'Department_5_3', 384, 1, 1),
(100285, 'vestibulum ac', 'Department_4_4', 487, 1, 0),
(100286, 'dolor sit amet', 'Department_5_3', 408, 1, 1),
(100287, 'mattis pulvinar nulla', 'Department_5_5', 361, 1, 0),
(100288, 'vitae consectetuer eget rutrum', 'Department_5_2', 101, 0, 1),
(100289, 'tincidunt eu', 'Department_4_2', 341, 1, 1),
(100290, 'lacus at velit', 'Department_3_3', 158, 1, 0),
(100291, 'in hac', 'Department_4_1', 211, 1, 0),
(100292, 'praesent blandit', 'Department_4_5', 495, 0, 0),
(100293, 'sit amet', 'Department_5_3', 742, 0, 1),
(100294, 'turpis nec euismod', 'Department_5_2', 528, 0, 0),
(100295, 'duis aliquam', 'Department_3_5', 116, 0, 1),
(100296, 'luctus et ultrices posuere', 'Department_1_4', 607, 1, 1),
(100297, 'nascetur ridiculus', 'Department_5_5', 674, 1, 0),
(100298, 'at dolor', 'Department_5_5', 86, 1, 0),
(100299, 'feugiat et eros vestibulum', 'Department_4_5', 325, 0, 0);

INSERT INTO `reservations` (`reserve_id`, `hall_id`, `username`, `reserve_date`, `begin_time`, `end_time`, `reason`, `req_items`, `auth_by`, `feedback`) VALUES
(1, 100100, 'user11', '2014-08-01', '14:30:00', '15:30:00', 'praesent lectus vestibulum', 'diam cras pellentesque', 'user33', NULL),
(2, 100100, 'user16', '2014-08-01', '16:00:00', '19:00:00', 'nunc donec quis orci', 'turpis sed ante vivamus', 'user33', NULL),
(3, 100100, 'user11', '2014-08-01', '12:00:00', '13:45:00', 'nisl venenatis lacinia', 'semper porta volutpat quam pede lobortis', 'user33', NULL),
(4, 100100, 'user19', '2014-08-01', '10:00:00', '11:30:00', 'quis tortor id nulla', 'maecenas ut massa', 'user33', NULL),
(5, 100100, 'user12', '2014-08-01', '15:30:00', '16:00:00', 'semper interdum mauris ullamcorper', 'sed nisl nunc rhoncus dui vel', 'user33', NULL),
(6, 100100, 'user14', '2014-08-01', '08:00:00', '10:00:00', 'posuere cubilia curae nulla dapibus', 'sit amet nunc', 'user33', NULL),
(7, 100214, 'user11', '2012-05-19', '18:17:00', '15:12:00', 'posuere cubilia curae duis faucibus', 'ullamcorper purus sit amet', 'user33', NULL),
(8, 100266, 'user11', '2013-09-23', '10:00:00', '13:09:00', 'ut massa quis augue', 'vitae ipsum aliquam non', 'user33', NULL),
(9, 100232, 'user11', '2012-08-24', '15:46:00', '20:16:00', 'lacus at velit vivamus', 'justo eu massa donec dapibus', 'user33', NULL),
(10, 100150, 'user11', '2013-04-25', '10:48:00', '21:00:00', 'consequat varius integer ac', 'sapien non mi integer ac neque', 'user33', NULL),
(11, 100262, 'user11', '2014-03-21', '13:27:00', '11:55:00', 'vestibulum ac est lacinia', 'varius ut blandit non interdum', 'user33', NULL),
(12, 100110, 'user11', '2012-05-06', '08:55:00', '10:06:00', 'massa id nisl venenatis lacinia', 'nisl nunc rhoncus dui', 'user33', NULL),
(13, 100111, 'user11', '2012-02-27', '11:32:00', '20:22:00', 'consequat morbi a ipsum integer', 'lacus morbi quis tortor', 'user33', NULL),
(14, 100122, 'user11', '2012-10-14', '19:36:00', '18:35:00', 'nisl aenean lectus', 'lobortis sapien sapien non mi integer', 'user33', NULL),
(15, 100286, 'user11', '2013-02-09', '18:01:00', '21:07:00', 'quis orci eget', 'diam nam tristique tortor', 'user33', NULL),
(16, 100127, 'user11', '2012-07-11', '16:36:00', '10:58:00', 'ridiculus mus vivamus vestibulum sagittis', 'ultricies eu nibh quisque id justo', 'user33', NULL),
(17, 100295, 'user11', '2012-05-11', '08:17:00', '12:28:00', 'libero quis orci nullam molestie', 'dapibus nulla suscipit ligula', 'user33', NULL),
(18, 100258, 'user11', '2012-08-03', '09:11:00', '11:41:00', 'ornare imperdiet sapien urna', 'vel augue vestibulum rutrum rutrum neque', 'user33', NULL),
(19, 100269, 'user11', '2012-12-19', '19:14:00', '13:34:00', 'pharetra magna vestibulum aliquet', 'nam ultrices libero', 'user33', NULL),
(20, 100153, 'user11', '2014-03-20', '14:02:00', '18:21:00', 'nibh fusce lacus purus aliquet', 'pellentesque ultrices phasellus id sapien in', 'user33', NULL),
(21, 100128, 'user11', '2013-02-08', '14:27:00', '12:12:00', 'ipsum praesent blandit lacinia', 'suspendisse potenti cras in', 'user33', NULL),
(22, 100125, 'user11', '2012-12-09', '17:21:00', '17:55:00', 'lacus at velit vivamus', 'aenean fermentum donec ut mauris', 'user33', NULL),
(23, 100200, 'user11', '2014-02-13', '12:41:00', '14:09:00', 'amet eleifend pede', 'lacus morbi sem mauris laoreet ut', 'user33', NULL),
(24, 100236, 'user11', '2012-12-28', '10:29:00', '12:28:00', 'ridiculus mus etiam', 'volutpat quam pede lobortis ligula', 'user33', NULL),
(25, 100155, 'user11', '2012-07-12', '18:02:00', '15:52:00', 'fusce posuere felis', 'nam nulla integer pede justo', 'user33', NULL),
(26, 100179, 'user11', '2012-12-19', '09:17:00', '11:02:00', 'sollicitudin mi sit amet', 'tortor quis turpis sed ante vivamus', 'user33', NULL),
(27, 100203, 'user11', '2012-10-24', '15:29:00', '15:41:00', 'velit id pretium iaculis diam', 'tempus vivamus in', 'user33', NULL),
(28, 100146, 'user11', '2013-11-01', '14:22:00', '12:17:00', 'morbi odio odio elementum eu', 'donec dapibus duis', 'user33', NULL),
(29, 100168, 'user11', '2012-06-03', '12:28:00', '15:21:00', 'auctor sed tristique in', 'erat id mauris', 'user33', NULL),
(30, 100265, 'user11', '2012-10-23', '19:19:00', '12:49:00', 'porttitor id consequat in consequat', 'mauris morbi non lectus', 'user33', NULL),
(31, 100178, 'user11', '2012-03-11', '08:35:00', '20:48:00', 'sit amet turpis elementum ligula', 'aenean lectus pellentesque eget nunc', 'user33', NULL),
(32, 100279, 'user11', '2013-12-24', '19:37:00', '21:52:00', 'eu orci mauris lacinia', 'duis at velit eu est congue', 'user33', NULL),
(33, 100230, 'user11', '2013-11-22', '17:29:00', '18:03:00', 'metus arcu adipiscing', 'luctus tincidunt nulla mollis molestie', 'user33', NULL),
(34, 100261, 'user11', '2013-06-02', '16:11:00', '13:44:00', 'lacus purus aliquet at', 'sollicitudin mi sit amet lobortis', 'user33', NULL),
(35, 100156, 'user11', '2014-05-17', '12:49:00', '19:15:00', 'quisque erat eros viverra', 'in quam fringilla rhoncus mauris', 'user33', NULL),
(36, 100206, 'user11', '2012-04-08', '08:59:00', '17:54:00', 'lorem quisque ut', 'tellus nisi eu orci mauris', 'user33', NULL),
(37, 100104, 'user11', '2013-04-10', '13:42:00', '13:08:00', 'lacinia aenean sit', 'adipiscing lorem vitae', 'user33', NULL),
(38, 100296, 'user11', '2012-07-14', '11:15:00', '12:27:00', 'pretium iaculis diam', 'a odio in hac', 'user33', NULL),
(39, 100195, 'user11', '2013-05-13', '10:05:00', '09:09:00', 'cursus id turpis integer aliquet', 'in imperdiet et commodo vulputate', 'user33', NULL),
(40, 100221, 'user11', '2013-10-26', '11:58:00', '14:11:00', 'etiam vel augue vestibulum', 'in tempor turpis nec euismod scelerisque', 'user33', NULL),
(41, 100140, 'user11', '2013-12-06', '18:39:00', '11:18:00', 'augue vestibulum rutrum rutrum', 'justo in hac habitasse', 'user33', NULL),
(42, 100127, 'user11', '2013-09-07', '12:02:00', '09:23:00', 'tellus nulla ut erat', 'donec diam neque vestibulum eget vulputate', 'user33', NULL),
(43, 100231, 'user11', '2014-01-23', '09:55:00', '19:51:00', 'vestibulum ante ipsum', 'mi in porttitor pede justo', 'user33', NULL),
(44, 100255, 'user11', '2013-02-06', '12:27:00', '15:12:00', 'condimentum id luctus nec', 'urna ut tellus nulla ut', 'user33', NULL),
(45, 100230, 'user11', '2012-02-27', '17:14:00', '20:01:00', 'in tempor turpis', 'elementum in hac habitasse platea', 'user33', NULL),
(46, 100286, 'user11', '2012-01-02', '16:51:00', '10:53:00', 'porttitor lacus at turpis', 'sociis natoque penatibus et', 'user33', NULL),
(47, 100139, 'user11', '2013-12-08', '17:02:00', '10:36:00', 'dictumst aliquam augue quam sollicitudin', 'leo odio porttitor', 'user33', NULL),
(48, 100288, 'user11', '2012-12-26', '19:47:00', '14:02:00', 'ut mauris eget massa tempor', 'eu magna vulputate luctus cum sociis', 'user33', NULL),
(49, 100254, 'user11', '2013-12-03', '13:07:00', '20:06:00', 'sapien in sapien', 'ultrices posuere cubilia curae duis', 'user33', NULL),
(50, 100171, 'user11', '2013-11-04', '16:55:00', '15:52:00', 'vulputate vitae nisl', 'vehicula consequat morbi a ipsum integer', 'user33', NULL),
(51, 100290, 'user11', '2013-02-27', '16:23:00', '15:55:00', 'odio curabitur convallis duis consequat', 'lacinia erat vestibulum sed', 'user33', NULL),
(52, 100138, 'user11', '2012-12-07', '10:23:00', '19:02:00', 'tortor id nulla ultrices aliquet', 'justo in blandit ultrices enim', 'user33', NULL),
(53, 100246, 'user11', '2013-12-28', '10:27:00', '19:12:00', 'curae nulla dapibus dolor', 'luctus et ultrices posuere', 'user33', NULL),
(54, 100198, 'user11', '2012-08-19', '14:32:00', '09:32:00', 'sed ante vivamus tortor', 'quam pharetra magna ac', 'user33', NULL),
(55, 100244, 'user11', '2013-09-28', '18:44:00', '15:40:00', 'neque libero convallis eget', 'eu orci mauris lacinia sapien', 'user33', NULL),
(56, 100222, 'user11', '2013-11-30', '09:56:00', '10:34:00', 'malesuada in imperdiet et commodo', 'velit donec diam neque', 'user33', NULL),
(57, 100185, 'user11', '2012-08-15', '08:32:00', '13:08:00', 'erat volutpat in', 'cras mi pede malesuada in imperdiet', 'user33', NULL),
(58, 100149, 'user11', '2012-10-25', '09:17:00', '15:21:00', 'eu interdum eu', 'massa id nisl venenatis', 'user33', NULL),
(59, 100277, 'user11', '2013-08-23', '09:43:00', '21:00:00', 'ut nulla sed', 'molestie hendrerit at vulputate vitae nisl', 'user33', NULL),
(60, 100285, 'user11', '2013-12-20', '18:04:00', '17:41:00', 'aliquet massa id', 'dolor sit amet consectetuer', 'user33', NULL),
(61, 100131, 'user11', '2012-08-31', '09:56:00', '21:28:00', 'dui vel sem', 'libero quis orci nullam molestie nibh', 'user33', NULL),
(62, 100244, 'user11', '2013-09-28', '08:38:00', '19:28:00', 'quis odio consequat', 'id sapien in sapien', 'user33', NULL),
(63, 100187, 'user11', '2012-11-21', '13:08:00', '21:25:00', 'ornare imperdiet sapien', 'molestie lorem quisque ut erat curabitur', 'user33', NULL),
(64, 100123, 'user11', '2012-11-15', '08:25:00', '17:51:00', 'velit nec nisi vulputate', 'pulvinar nulla pede', 'user33', NULL),
(65, 100264, 'user11', '2012-03-16', '09:45:00', '13:56:00', 'nunc rhoncus dui vel sem', 'aliquet massa id', 'user33', NULL),
(66, 100108, 'user11', '2013-08-24', '15:11:00', '13:01:00', 'ac nulla sed vel enim', 'tellus nulla ut erat id mauris', 'user33', NULL),
(67, 100173, 'user11', '2012-03-18', '08:04:00', '15:27:00', 'faucibus orci luctus', 'nam tristique tortor eu', 'user33', NULL),
(68, 100100, 'user11', '2012-06-23', '10:26:00', '13:31:00', 'rutrum nulla tellus', 'et eros vestibulum ac', 'user33', NULL),
(69, 100200, 'user11', '2013-10-01', '11:36:00', '12:33:00', 'nisl duis bibendum', 'quisque porta volutpat', 'user33', NULL),
(70, 100228, 'user11', '2012-10-20', '18:47:00', '13:40:00', 'nunc donec quis orci eget', 'praesent blandit lacinia', 'user33', NULL),
(71, 100247, 'user11', '2012-04-15', '11:42:00', '19:53:00', 'iaculis diam erat', 'volutpat erat quisque erat', 'user33', NULL),
(72, 100150, 'user11', '2014-05-09', '09:18:00', '09:11:00', 'id pretium iaculis', 'pellentesque at nulla suspendisse potenti', 'user33', NULL),
(73, 100158, 'user11', '2013-06-19', '18:38:00', '21:31:00', 'enim sit amet nunc', 'aenean auctor gravida sem', 'user33', NULL),
(74, 100276, 'user11', '2014-02-10', '15:30:00', '12:12:00', 'ridiculus mus etiam', 'est quam pharetra magna ac', 'user33', NULL),
(75, 100253, 'user11', '2014-03-06', '17:23:00', '10:12:00', 'lacinia nisi venenatis tristique fusce', 'sapien arcu sed', 'user33', NULL),
(76, 100193, 'user11', '2012-08-01', '10:52:00', '11:54:00', 'odio elementum eu interdum', 'odio justo sollicitudin ut', 'user33', NULL),
(77, 100183, 'user11', '2012-02-27', '19:31:00', '19:14:00', 'vel sem sed sagittis', 'ultrices posuere cubilia curae', 'user33', NULL),
(78, 100141, 'user11', '2012-05-25', '11:55:00', '14:56:00', 'eget massa tempor', 'dui maecenas tristique est et', 'user33', NULL),
(79, 100207, 'user11', '2013-04-14', '18:07:00', '10:11:00', 'et eros vestibulum ac', 'at vulputate vitae nisl', 'user33', NULL),
(80, 100131, 'user11', '2013-01-14', '10:03:00', '13:14:00', 'nulla suscipit ligula', 'non pretium quis lectus suspendisse', 'user33', NULL),
(81, 100214, 'user11', '2012-11-24', '13:03:00', '16:20:00', 'dui proin leo', 'convallis nulla neque', 'user33', NULL),
(82, 100123, 'user11', '2014-01-01', '13:28:00', '15:29:00', 'amet erat nulla tempus', 'aenean fermentum donec ut', 'user33', NULL),
(83, 100136, 'user11', '2013-09-21', '11:13:00', '19:45:00', 'amet eros suspendisse accumsan', 'lectus in est', 'user33', NULL),
(84, 100246, 'user11', '2012-11-05', '11:08:00', '15:14:00', 'laoreet ut rhoncus aliquet', 'risus auctor sed', 'user33', NULL),
(85, 100259, 'user11', '2013-07-31', '17:16:00', '15:22:00', 'at nulla suspendisse potenti cras', 'ultrices posuere cubilia curae', 'user33', NULL),
(86, 100253, 'user11', '2012-04-22', '15:35:00', '21:26:00', 'porttitor lacus at turpis', 'justo in hac habitasse platea', 'user33', NULL),
(87, 100239, 'user11', '2013-08-26', '18:39:00', '18:33:00', 'elit sodales scelerisque mauris', 'sapien ut nunc vestibulum ante ipsum', 'user33', NULL),
(88, 100262, 'user11', '2013-10-16', '18:55:00', '19:12:00', 'egestas metus aenean fermentum donec', 'posuere cubilia curae donec pharetra magna', 'user33', NULL),
(89, 100163, 'user11', '2012-12-18', '11:03:00', '11:29:00', 'nulla elit ac', 'odio cras mi pede malesuada in', 'user33', NULL),
(90, 100119, 'user11', '2013-07-15', '08:49:00', '11:01:00', 'viverra eget congue eget', 'dictumst morbi vestibulum velit id', 'user33', NULL),
(91, 100139, 'user11', '2013-09-19', '08:34:00', '19:12:00', 'mauris eget massa tempor', 'pretium quis lectus suspendisse potenti in', 'user33', NULL),
(92, 100249, 'user11', '2012-03-11', '09:50:00', '20:51:00', 'turpis enim blandit', 'mauris ullamcorper purus sit amet nulla', 'user33', NULL),
(93, 100291, 'user11', '2013-12-07', '17:33:00', '17:45:00', 'diam neque vestibulum', 'erat curabitur gravida nisi', 'user33', NULL),
(94, 100150, 'user11', '2012-10-27', '16:27:00', '12:03:00', 'sem duis aliquam', 'vel dapibus at diam nam', 'user33', NULL),
(95, 100202, 'user11', '2013-03-23', '15:40:00', '10:12:00', 'non velit nec nisi vulputate', 'habitasse platea dictumst morbi vestibulum', 'user33', NULL),
(96, 100101, 'user11', '2013-08-17', '10:17:00', '16:54:00', 'consequat metus sapien ut', 'consectetuer eget rutrum at', 'user33', NULL),
(97, 100213, 'user11', '2013-08-21', '18:03:00', '18:06:00', 'vestibulum ac est lacinia', 'vestibulum quam sapien varius', 'user33', NULL),
(98, 100125, 'user11', '2012-06-28', '17:39:00', '18:23:00', 'convallis tortor risus dapibus augue', 'congue etiam justo etiam pretium', 'user33', NULL),
(99, 100186, 'user11', '2013-11-27', '10:21:00', '09:03:00', 'duis aliquam convallis nunc', 'eu massa donec dapibus duis at', 'user33', NULL);

/*!40101 SET CHARACTER_SET_CLIENT=@OLD_CHARACTER_SET_CLIENT */;
/*!40101 SET CHARACTER_SET_RESULTS=@OLD_CHARACTER_SET_RESULTS */;
/*!40101 SET COLLATION_CONNECTION=@OLD_COLLATION_CONNECTION */;
