SET SQL_MODE = "NO_AUTO_VALUE_ON_ZERO";
SET time_zone = "+00:00";

/*!40101 SET @OLD_CHARACTER_SET_CLIENT=@@CHARACTER_SET_CLIENT */;
/*!40101 SET @OLD_CHARACTER_SET_RESULTS=@@CHARACTER_SET_RESULTS */;
/*!40101 SET @OLD_COLLATION_CONNECTION=@@COLLATION_CONNECTION */;
/*!40101 SET NAMES utf8 */;

INSERT INTO `faculties` (`faculty_name`) VALUES
('Faculty_1'),
('Faculty_2'),
('Faculty_3'),
('Faculty_4'),
('Faculty_5');

INSERT INTO `departments` (`dept_name`, `faculty_name`) VALUES
('Department_1_1', 'Faculty_1'),
('Department_1_2', 'Faculty_1'),
('Department_1_3', 'Faculty_1'),
('Department_1_4', 'Faculty_1'),
('Department_1_5', 'Faculty_1'),
('Department_2_1', 'Faculty_2'),
('Department_2_2', 'Faculty_2'),
('Department_2_3', 'Faculty_2'),
('Department_2_4', 'Faculty_2'),
('Department_2_5', 'Faculty_2'),
('Department_3_1', 'Faculty_3'),
('Department_3_2', 'Faculty_3'),
('Department_3_3', 'Faculty_3'),
('Department_3_4', 'Faculty_3'),
('Department_3_5', 'Faculty_3'),
('Department_4_1', 'Faculty_4'),
('Department_4_2', 'Faculty_4'),
('Department_4_3', 'Faculty_4'),
('Department_4_4', 'Faculty_4'),
('Department_4_5', 'Faculty_4'),
('Department_5_1', 'Faculty_5'),
('Department_5_2', 'Faculty_5'),
('Department_5_3', 'Faculty_5'),
('Department_5_4', 'Faculty_5'),
('Department_5_5', 'Faculty_5');

INSERT INTO `halls` (`hall_id`, `hall_name`, `dept_name`, `capacity`, `aircondition`, `com_lab`) VALUES
(4267, 'ut nunc vestibulum', 'Department_5_5', 808, 0, 0),
(5504, 'turpis adipiscing', 'Department_4_3', 292, 0, 0),
(14829, 'enim blandit', 'Department_5_5', 978, 0, 1),
(21753, 'leo maecenas', 'Department_3_5', 238, 1, 1),
(22657, 'magna at nunc', 'Department_5_4', 817, 0, 0),
(22768, 'placerat praesent', 'Department_4_4', 539, 1, 0),
(23035, 'a odio in', 'Department_5_5', 103, 1, 1),
(23901, 'nec sem duis', 'Department_3_1', 75, 1, 0),
(26338, 'ipsum primis in', 'Department_5_5', 528, 0, 1),
(38326, 'convallis morbi odio', 'Department_5_4', 947, 1, 1),
(42635, 'in faucibus', 'Department_3_4', 326, 1, 0),
(43408, 'penatibus et', 'Department_5_5', 934, 0, 1),
(47919, 'sed sagittis nam', 'Department_5_3', 484, 1, 0),
(48507, 'faucibus orci luctus', 'Department_5_4', 485, 0, 1),
(61024, 'nibh fusce lacus', 'Department_4_5', 764, 0, 0),
(67190, 'posuere cubilia', 'Department_5_5', 555, 0, 1),
(67938, 'viverra diam vitae', 'Department_4_2', 564, 1, 0),
(70297, 'ligula suspendisse ornare', 'Department_5_2', 643, 1, 0),
(79317, 'mauris viverra diam', 'Department_1_2', 335, 1, 0),
(82367, 'condimentum neque', 'Department_5_4', 52, 1, 1),
(83132, 'mauris sit', 'Department_2_5', 130, 1, 1),
(91471, 'varius nulla', 'Department_5_5', 531, 0, 1),
(101887, 'mollis molestie', 'Department_5_3', 552, 1, 1),
(108036, 'curabitur convallis', 'Department_4_5', 518, 0, 1),
(108251, 'est donec', 'Department_2_4', 460, 0, 0),
(117811, 'augue luctus', 'Department_3_1', 494, 1, 0),
(120981, 'luctus cum', 'Department_5_5', 54, 1, 1),
(124586, 'cubilia curae donec', 'Department_4_5', 538, 1, 1),
(134363, 'molestie nibh', 'Department_3_4', 324, 0, 0),
(135739, 'enim lorem ipsum', 'Department_5_5', 729, 1, 1),
(136895, 'a suscipit nulla', 'Department_5_4', 556, 1, 0),
(143598, 'amet consectetuer adipiscing', 'Department_3_5', 677, 0, 0),
(146097, 'faucibus orci', 'Department_5_5', 395, 1, 0),
(151750, 'lorem id ligula', 'Department_5_4', 67, 0, 0),
(153841, 'porta volutpat erat', 'Department_5_5', 69, 1, 1),
(154174, 'risus semper porta', 'Department_1_1', 121, 0, 0),
(154517, 'tincidunt nulla', 'Department_5_2', 816, 1, 1),
(154902, 'aliquet at', 'Department_4_2', 102, 0, 0),
(155100, 'nisi vulputate nonummy', 'Department_5_5', 969, 1, 1),
(156320, 'eget orci vehicula', 'Department_5_1', 820, 0, 0),
(169946, 'interdum mauris non', 'Department_3_5', 660, 0, 0),
(171978, 'vestibulum ante ipsum', 'Department_5_5', 272, 0, 0),
(175503, 'at nulla suspendisse', 'Department_5_3', 844, 0, 1),
(176662, 'mauris enim', 'Department_5_4', 314, 1, 0),
(181064, 'duis ac', 'Department_5_5', 918, 1, 1),
(182097, 'odio donec vitae', 'Department_5_3', 954, 0, 0),
(187501, 'hac habitasse platea', 'Department_5_5', 601, 0, 0),
(191769, 'pulvinar nulla pede', 'Department_3_5', 139, 0, 1),
(193436, 'non pretium quis', 'Department_5_4', 317, 1, 0),
(194463, 'vivamus vel nulla', 'Department_5_5', 402, 1, 0),
(196088, 'erat eros viverra', 'Department_5_5', 883, 1, 1),
(206460, 'orci mauris', 'Department_3_3', 513, 0, 1),
(216872, 'id consequat in', 'Department_2_1', 558, 0, 1),
(220896, 'eu magna vulputate', 'Department_4_5', 846, 1, 0),
(222142, 'quam pede', 'Department_5_4', 171, 1, 0),
(222378, 'eget orci vehicula', 'Department_3_5', 583, 1, 0),
(222652, 'quam sapien varius', 'Department_5_4', 900, 1, 0),
(224928, 'amet erat', 'Department_5_3', 965, 1, 0),
(232173, 'semper sapien', 'Department_4_4', 298, 0, 1),
(233619, 'placerat praesent', 'Department_5_5', 122, 0, 1),
(236128, 'vel augue', 'Department_4_4', 143, 0, 1),
(240177, 'habitasse platea', 'Department_4_5', 484, 1, 0),
(244504, 'bibendum imperdiet', 'Department_1_5', 920, 1, 0),
(256591, 'platea dictumst aliquam', 'Department_5_4', 974, 0, 0),
(263047, 'amet eros suspendisse', 'Department_5_5', 294, 1, 1),
(264686, 'ligula nec sem', 'Department_4_5', 841, 0, 1),
(270757, 'ut at', 'Department_4_5', 241, 1, 0),
(272384, 'sociis natoque', 'Department_4_4', 255, 1, 0),
(272600, 'turpis integer', 'Department_3_5', 691, 1, 1),
(275848, 'in hac habitasse', 'Department_4_5', 603, 1, 0),
(283010, 'ligula sit', 'Department_4_5', 783, 0, 1),
(289939, 'nulla elit ac', 'Department_5_1', 202, 0, 0),
(298583, 'orci luctus', 'Department_5_1', 115, 1, 1),
(315049, 'congue etiam justo', 'Department_5_5', 255, 0, 0),
(319324, 'libero convallis', 'Department_3_2', 482, 0, 0),
(322928, 'nam congue risus', 'Department_5_5', 261, 1, 0),
(324536, 'erat eros', 'Department_5_5', 482, 0, 1),
(333428, 'leo rhoncus sed', 'Department_5_4', 223, 0, 1),
(338628, 'in purus', 'Department_4_4', 533, 1, 0),
(346731, 'faucibus cursus urna', 'Department_5_3', 61, 1, 0),
(348567, 'nisi nam ultrices', 'Department_5_3', 238, 1, 1),
(363936, 'massa donec dapibus', 'Department_3_5', 491, 1, 1),
(369400, 'enim sit', 'Department_1_5', 729, 0, 0),
(378038, 'vivamus metus arcu', 'Department_3_4', 821, 0, 1),
(384029, 'congue elementum in', 'Department_3_4', 537, 1, 0),
(385392, 'vivamus metus arcu', 'Department_4_4', 736, 0, 0),
(391006, 'duis ac', 'Department_5_4', 76, 0, 0),
(395990, 'in tempus sit', 'Department_3_4', 852, 1, 1),
(397386, 'ut odio cras', 'Department_5_2', 871, 0, 1),
(398953, 'nulla facilisi', 'Department_5_4', 424, 1, 1),
(400880, 'natoque penatibus et', 'Department_4_5', 583, 1, 0),
(400968, 'integer tincidunt', 'Department_4_4', 705, 1, 0),
(411336, 'vestibulum ac', 'Department_1_4', 703, 0, 0),
(413611, 'imperdiet sapien urna', 'Department_5_5', 145, 0, 1),
(416976, 'id ornare imperdiet', 'Department_4_4', 854, 0, 0),
(422454, 'non velit', 'Department_3_2', 883, 1, 1),
(422933, 'dapibus nulla', 'Department_2_5', 427, 1, 1),
(428764, 'dolor sit amet', 'Department_4_5', 153, 1, 0),
(428836, 'ultrices enim lorem', 'Department_4_5', 816, 0, 1),
(429611, 'quisque erat eros', 'Department_4_5', 917, 1, 0),
(431114, 'pede morbi porttitor', 'Department_5_5', 567, 0, 0),
(433223, 'bibendum felis', 'Department_4_3', 691, 1, 0),
(434807, 'at nibh', 'Department_2_5', 523, 1, 0),
(435891, 'nulla facilisi', 'Department_5_2', 903, 0, 1),
(438816, 'enim sit', 'Department_5_4', 816, 1, 0),
(445941, 'diam in', 'Department_5_4', 346, 0, 1),
(453948, 'elementum pellentesque', 'Department_2_5', 521, 0, 1),
(464937, 'eu nibh', 'Department_4_5', 941, 1, 0),
(477399, 'primis in', 'Department_4_5', 498, 1, 1),
(480997, 'at ipsum', 'Department_5_4', 596, 1, 0),
(481940, 'eu nibh', 'Department_5_5', 759, 0, 0),
(498953, 'nisi eu orci', 'Department_3_5', 259, 0, 1),
(523507, 'nunc commodo placerat', 'Department_5_5', 348, 0, 0),
(528110, 'vulputate vitae', 'Department_5_4', 938, 0, 1),
(529856, 'felis eu sapien', 'Department_3_3', 995, 0, 1),
(530945, 'urna pretium nisl', 'Department_5_5', 956, 1, 0),
(555635, 'sociis natoque', 'Department_5_1', 607, 0, 1),
(571822, 'blandit mi in', 'Department_4_1', 600, 0, 0),
(574851, 'justo in', 'Department_5_3', 501, 0, 1),
(575238, 'amet sapien', 'Department_5_5', 557, 1, 0),
(584671, 'in blandit ultrices', 'Department_3_4', 523, 0, 0),
(593542, 'enim in', 'Department_5_1', 143, 0, 0),
(595504, 'mi integer ac', 'Department_5_5', 552, 0, 0),
(599973, 'luctus nec molestie', 'Department_5_4', 996, 1, 1),
(615765, 'luctus cum sociis', 'Department_5_5', 185, 0, 0),
(617122, 'nulla quisque', 'Department_5_4', 587, 0, 1),
(618840, 'vestibulum quam sapien', 'Department_5_5', 356, 0, 1),
(620408, 'nulla suspendisse potenti', 'Department_5_5', 910, 0, 0),
(630008, 'imperdiet nullam', 'Department_4_4', 952, 1, 1),
(653302, 'nam ultrices libero', 'Department_1_4', 633, 0, 1),
(655981, 'faucibus orci', 'Department_4_5', 754, 1, 1),
(657734, 'placerat praesent blandit', 'Department_5_5', 330, 0, 1),
(659454, 'id massa', 'Department_3_5', 755, 0, 0),
(668015, 'sit amet sem', 'Department_4_3', 770, 0, 0),
(668500, 'mattis pulvinar', 'Department_5_5', 538, 1, 0),
(668748, 'rhoncus aliquet', 'Department_2_5', 639, 1, 1),
(671895, 'lacinia nisi', 'Department_5_1', 880, 1, 0),
(677362, 'semper porta volutpat', 'Department_5_5', 490, 0, 1),
(681474, 'pulvinar lobortis est', 'Department_5_5', 928, 0, 0),
(682678, 'ut nunc vestibulum', 'Department_4_4', 765, 0, 1),
(690577, 'accumsan odio', 'Department_5_3', 233, 1, 0),
(710446, 'lacinia erat vestibulum', 'Department_5_5', 79, 0, 1),
(736898, 'integer aliquet', 'Department_5_4', 966, 0, 0),
(746698, 'integer pede', 'Department_5_5', 113, 0, 1),
(752597, 'augue aliquam', 'Department_5_3', 590, 1, 0),
(759882, 'lacus morbi', 'Department_5_5', 696, 1, 0),
(767266, 'lectus aliquam', 'Department_4_5', 176, 0, 0),
(771224, 'ante ipsum primis', 'Department_5_5', 521, 1, 0),
(771399, 'luctus et', 'Department_5_2', 592, 0, 0),
(776523, 'purus aliquet', 'Department_5_4', 519, 0, 1),
(776796, 'tortor eu pede', 'Department_2_1', 102, 0, 0),
(780082, 'posuere metus', 'Department_4_5', 566, 1, 1),
(784435, 'nam ultrices', 'Department_5_2', 246, 1, 1),
(784764, 'pretium iaculis justo', 'Department_5_5', 833, 1, 0),
(785620, 'aliquet pulvinar sed', 'Department_5_5', 165, 1, 1),
(791607, 'aliquam non mauris', 'Department_5_4', 289, 0, 1),
(796132, 'nunc viverra', 'Department_5_5', 542, 0, 1),
(812133, 'consequat nulla', 'Department_4_5', 979, 1, 1),
(821106, 'parturient montes nascetur', 'Department_5_4', 670, 0, 1),
(822736, 'tempor turpis', 'Department_4_4', 373, 0, 0),
(823439, 'sit amet eleifend', 'Department_4_5', 287, 1, 0),
(834553, 'fusce lacus purus', 'Department_4_4', 887, 0, 0),
(842503, 'quis odio', 'Department_5_5', 786, 0, 1),
(846720, 'lacinia eget tincidunt', 'Department_4_1', 300, 0, 1),
(852188, 'vestibulum proin eu', 'Department_5_5', 415, 1, 0),
(854702, 'ligula nec', 'Department_5_5', 950, 0, 1),
(855365, 'rutrum nulla nunc', 'Department_4_1', 243, 0, 1),
(855619, 'tempor turpis', 'Department_5_3', 555, 1, 0),
(861796, 'sapien placerat', 'Department_4_5', 106, 1, 1),
(862049, 'eget nunc donec', 'Department_3_4', 566, 0, 1),
(868100, 'dolor sit amet', 'Department_5_5', 282, 0, 1),
(868576, 'ridiculus mus etiam', 'Department_5_4', 493, 1, 1),
(875228, 'faucibus orci', 'Department_4_3', 360, 1, 0),
(876813, 'odio in', 'Department_3_5', 485, 0, 0),
(889367, 'ac est lacinia', 'Department_5_4', 441, 0, 1),
(890236, 'erat fermentum', 'Department_3_5', 580, 1, 1),
(896279, 'odio porttitor', 'Department_5_5', 508, 0, 0),
(907661, 'dapibus nulla', 'Department_3_2', 159, 1, 1),
(911241, 'volutpat erat quisque', 'Department_4_4', 985, 1, 1),
(911742, 'quis turpis', 'Department_5_4', 754, 0, 0),
(932434, 'at velit vivamus', 'Department_3_5', 473, 1, 0),
(935559, 'ultrices posuere cubilia', 'Department_4_5', 774, 0, 1),
(951905, 'nulla justo aliquam', 'Department_1_4', 944, 1, 0),
(952405, 'habitasse platea dictumst', 'Department_5_5', 613, 0, 0),
(953947, 'tempus vel', 'Department_5_4', 330, 0, 1),
(956103, 'semper sapien', 'Department_5_1', 820, 0, 0),
(959127, 'turpis donec posuere', 'Department_4_5', 587, 1, 0),
(964903, 'non velit donec', 'Department_5_5', 90, 1, 0),
(964985, 'eros viverra', 'Department_5_1', 182, 1, 1),
(969623, 'libero ut', 'Department_5_2', 469, 0, 1),
(971967, 'suscipit nulla', 'Department_4_5', 278, 0, 1),
(982435, 'purus aliquet', 'Department_1_5', 989, 1, 0),
(982944, 'consequat nulla', 'Department_5_5', 776, 0, 0),
(987861, 'at nibh', 'Department_1_4', 66, 1, 1),
(990727, 'in felis', 'Department_4_5', 231, 0, 0),
(993269, 'metus sapien', 'Department_5_5', 916, 0, 0),
(994485, 'ante vestibulum', 'Department_5_4', 568, 0, 1),
(997004, 'nulla sed', 'Department_5_3', 999, 0, 0),
(997462, 'adipiscing elit proin', 'Department_2_5', 66, 1, 1),
(997641, 'et ultrices', 'Department_5_5', 396, 1, 0);

INSERT INTO `users` (`username`, `password`, `first_name`, `last_name`, `email`, `level`, `reputation`) VALUES
('user11', '$2y$11$d4ff8db96e3b4f8884d30u8SlSCFr89xwcFb27REfAW381lNl8/we', 'Regular', 'User', 'wdewfefefe', 1, 0),
('user22', '$2y$11$d4ff8db96e3b4f8884d30u8SlSCFr89xwcFb27REfAW381lNl8/we', 'Support', 'Staff', 'wdewfefefe', 2, 0),
('user33', '$2y$11$d4ff8db96e3b4f8884d30u8SlSCFr89xwcFb27REfAW381lNl8/we', 'Room', 'Administrator', 'wdewfefefe', 3, 0),
('user44', '$2y$11$d4ff8db96e3b4f8884d30u8SlSCFr89xwcFb27REfAW381lNl8/we', 'Super', 'Administrator', 'wdewfefefe', 4, 0);

/*!40101 SET CHARACTER_SET_CLIENT=@OLD_CHARACTER_SET_CLIENT */;
/*!40101 SET CHARACTER_SET_RESULTS=@OLD_CHARACTER_SET_RESULTS */;
/*!40101 SET COLLATION_CONNECTION=@OLD_COLLATION_CONNECTION */;
